[{"id":"557996019550@s.whatsapp.net","name":"meliodas ","age":" 23","time":"19/02 07:21:58","serial":"7b9ed7ccdde6d28147fe"},{"id":"557781553456@s.whatsapp.net","name":"narutin","age":"14","time":"19/02 07:22:19","serial":"fa95a938b6cf94671bdd"},{"id":"554196704288@s.whatsapp.net","name":"mikasa gostosa","age":"16","time":"19/02 07:26:52","serial":"819d9168548caca6d24b"},{"id":"556181702853@s.whatsapp.net","name":"duda ","age":"14","time":"19/02 07:27:20","serial":"6b4df967c67111727d61"},{"id":"558897989616@s.whatsapp.net","name":"gb","age":"35","time":"19/02 07:27:20","serial":"00593f19a7e21d1acebe"},{"id":"5511971138948@s.whatsapp.net","name":"gabriel ","age":" 18","time":"19/02 07:34:39","serial":"cf6ac5daafa315a32a11"},{"id":"556584292024@s.whatsapp.net","name":"gabriel ","age":" 16","time":"19/02 07:36:55","serial":"b9a1a92117df5bc3a5bb"},{"id":"553171165193@s.whatsapp.net","name":"ᴳᵖ金Nel ","age":"13","time":"19/02 07:37:38","serial":"a4922e9aa1d21b481ccd"},{"id":"5522988420094@s.whatsapp.net","name":"wend","age":"15","time":"19/02 07:37:52","serial":"e6af488c263d1af25105"},{"id":"5521982823680@s.whatsapp.net","name":"bea","age":"14","time":"19/02 07:50:40","serial":"64933983e811d2cc4615"},{"id":"559492299691@s.whatsapp.net","name":"carol","age":" 15","time":"19/02 07:51:54","serial":"a02800d42619b36e9699"},{"id":"5519999924745@s.whatsapp.net","name":"luiza","age":"13","time":"19/02 08:08:01","serial":"81ceccaf0ec070051ab4"},{"id":"555584563483@s.whatsapp.net","name":"duda","age":"20","time":"19/02 08:08:45","serial":"951a9ecb1515058d8e22"},{"id":"559391292602@s.whatsapp.net","name":"Sakura","age":"14","time":"19/02 08:12:34","serial":"836cfb7298122ae7ec9c"},{"id":"558798080111@s.whatsapp.net","name":"kaneki","age":"14","time":"19/02 08:16:41","serial":"9bd2ece7967d95506a21"},{"id":"5519996499361@s.whatsapp.net","name":"Thiago ","age":" 14","time":"19/02 08:33:54","serial":"591351e9772bab52d631"},{"id":"558585451590@s.whatsapp.net","name":"paulatejando","age":"18","time":"19/02 08:38:55","serial":"3bcddbe4ce2f5052f09f"},{"id":"558695915019@s.whatsapp.net","name":"GhostLuffy","age":"19","time":"19/02 08:58:47","serial":"bf01a0c5c9fd08e60a51"},{"id":"13656524571@s.whatsapp.net","name":"Gloxinia","age":"16","time":"19/02 09:02:05","serial":"ed2a16ffa5d3527f9de1"},{"id":"555193689548@s.whatsapp.net","name":"Youtube","age":"15","time":"19/02 09:03:45","serial":"7e61496c8c1ea0707c27"},{"id":"5519991023400@s.whatsapp.net","name":"Sato","age":"13","time":"19/02 09:04:55","serial":"1ed661bcbaa9f2c08ca7"},{"id":"19546945807@s.whatsapp.net","name":"Nezuko","age":"15","time":"19/02 09:12:01","serial":"b5039d06eeb10ef71117"},{"id":"12048174591@s.whatsapp.net","name":"Hinata","age":"16","time":"19/02 09:12:53","serial":"d8b8072e368036ff12ce"},{"id":"5524992988183@s.whatsapp.net","name":"Bruno","age":"12","time":"19/02 09:53:06","serial":"77e2929b9a4be89cebc3"},{"id":"5519999399085@s.whatsapp.net","name":"lolizinhaGostosa","age":"16","time":"19/02 09:54:46","serial":"f76e50d7f387de1fed67"},{"id":"554899030054@s.whatsapp.net","name":"RobsonGostoso","age":"12","time":"19/02 09:56:50","serial":"283ceeb6c7c2fc1a6a8b"},{"id":"557781197938@s.whatsapp.net","name":"nokiaBedhrock","age":"18","time":"19/02 09:57:03","serial":"b173bbbe126f28c43b0b"},{"id":"5511960695153@s.whatsapp.net","name":"GLANDEUR","age":"17","time":"19/02 10:19:40","serial":"061d282e2160c9e45832"},{"id":"555191830336@s.whatsapp.net","name":"HABLICE HOGAR ","age":"28","time":"19/02 10:20:50","serial":"bace6cbbfddebc199301"},{"id":"5511945189769@s.whatsapp.net","name":"Shampoo Sólido","age":"13","time":"19/02 10:21:07","serial":"1793b5433635de6d2a38"},{"id":"558899927413@s.whatsapp.net","name":"🔥ᴇʀᴇɴ_™ ×᷼×🔥","age":"13","time":"19/02 17:15:09","serial":"32db3be801dc1998260e"},{"id":"5521992561704@s.whatsapp.net","name":"Rafael","age":"16","time":"19/02 17:17:54","serial":"ebed4bfc3ae9b4dc286a"},{"id":"558893823551@s.whatsapp.net","name":"Hiyori","age":"14","time":"19/02 17:19:22","serial":"a9e03bbfcd68096f8bd5"},{"id":"558894500414@s.whatsapp.net","name":"Vicente","age":"16","time":"19/02 17:30:11","serial":"f94b86ebd0ab88c945de"},{"id":"558681567108@s.whatsapp.net","name":"Ayanakoji","age":"17","time":"19/02 18:03:59","serial":"12a68626fdce17edbffb"},{"id":"5521987265147@s.whatsapp.net","name":"pandinha","age":"16","time":"19/02 18:08:47","serial":"bd6d1e91ed379cc805a3"},{"id":"558881274876@s.whatsapp.net","name":"kazuma","age":"27","time":"19/02 18:28:36","serial":"739bac5c2e0f22e3b223"},{"id":"5511959765590@s.whatsapp.net","name":"Patty","age":"23","time":"19/02 18:45:59","serial":"83d178a7150d68a2e57c"},{"id":"559884296694@s.whatsapp.net","name":"Luffy ","age":" 14","time":"19/02 18:56:45","serial":"bcd7da5fd3f7610bf6bc"},{"id":"559294084789@s.whatsapp.net","name":"𝛬𝚻𝜡 ፝⃟ 𝐵𝑅𝑈𝑋Δ ","age":"16","time":"19/02 19:07:28","serial":"6a40e7aac74f79055967"},{"id":"5511957361769@s.whatsapp.net","name":"Lincoln","age":"13","time":"19/02 19:08:16","serial":"4c39ef6798dd9482611b"},{"id":"558387950949@s.whatsapp.net","name":"Hebert","age":"15","time":"19/02 19:08:33","serial":"c59d63cec9af1828ece5"},{"id":"18655074834@s.whatsapp.net","name":"devil","age":"21","time":"19/02 19:18:24","serial":"b7ab391000531f49ade4"},{"id":"554195642982@s.whatsapp.net","name":"Matheus Joestar","age":"34","time":"19/02 19:37:21","serial":"59fbf7eb81de1e3c4fd8"},{"id":"5511961976842@s.whatsapp.net","name":"felipe","age":"12","time":"19/02 19:55:49","serial":"ce7db07d0d95c68753ac"},{"id":"557581737811@s.whatsapp.net","name":"ρκ","age":"14","time":"19/02 20:24:04","serial":"f8e509c453235e918d2a"},{"id":"557182039180@s.whatsapp.net","name":"Henry","age":"13","time":"19/02 20:48:00","serial":"93923811bce5c3874c45"},{"id":"554396038514@s.whatsapp.net","name":"julius","age":"16","time":"19/02 21:04:17","serial":"b45b85e172a3a433b6f6"},{"id":"554998335972@s.whatsapp.net","name":"King","age":"13","time":"19/02 21:08:00","serial":"3db11811ca806cc9078c"},{"id":"557996019550@s.whatsapp.net","name":"Meliodas","age":"18","time":"19/02 21:08:44","serial":"30297779049c56c761be"},{"id":"558494763781@s.whatsapp.net","name":"Darling","age":"16","time":"19/02 21:13:33","serial":"06dd2a27f49dff06b422"},{"id":"5522988188894@s.whatsapp.net","name":"🌹Rex🌹","age":"15","time":"19/02 21:32:25","serial":"4a62297f6de0507f2017"},{"id":"5511959238669@s.whatsapp.net","name":"Stefany","age":"15","time":"19/02 21:34:12","serial":"85bd98ff8666c0494ed2"},{"id":"5511958498854@s.whatsapp.net","name":"Gabriel","age":"20","time":"19/02 21:34:36","serial":"d0994c38aa879b22a9b8"},{"id":"559481556606@s.whatsapp.net","name":"Kaiky Lino ","age":" 17","time":"19/02 21:52:21","serial":"8783f8d7cb6daddb2581"},{"id":"18313871670@s.whatsapp.net","name":"sakura","age":"25","time":"19/02 22:06:34","serial":"004e1373664882c3bab5"},{"id":"5522992283831@s.whatsapp.net","name":"sori","age":"16","time":"19/02 23:24:58","serial":"83b984bf3b15c275adc1"},{"id":"558193913803@s.whatsapp.net","name":"natsu","age":"15","time":"20/02 01:09:51","serial":"4a37b8cdd0d3f83b1b14"},{"id":"556993180478@s.whatsapp.net","name":"爪卂ᗪ卂尺卂 ꜱʜɪᴛ⚡","age":"14","time":"20/02 01:20:46","serial":"2fa06ff4459be7b9bb6e"},{"id":"555491191331@s.whatsapp.net","name":"pedro","age":"16","time":"20/02 01:30:13","serial":"4dd5c0a31679ba969618"},{"id":"5511958792276@s.whatsapp.net","name":"João Paulo","age":"17","time":"20/02 01:31:31","serial":"2b76600b58c70ff43bc7"},{"id":"558688549681@s.whatsapp.net","name":"mewtwo","age":"14","time":"20/02 01:32:42","serial":"de7125a22a8bf040b448"},{"id":"5511967403202@s.whatsapp.net","name":"pombo","age":"17","time":"20/02 01:41:50","serial":"e71247f34624be5dfd67"},{"id":"559193228653@s.whatsapp.net","name":"matheus","age":"18","time":"20/02 01:47:26","serial":"98011366c2976e8821cc"},{"id":"5511944839860@s.whatsapp.net","name":"YuJi","age":"14","time":"20/02 02:11:05","serial":"7faa5ded33f5e68a2598"},{"id":"559885101540@s.whatsapp.net","name":"marcos","age":"17","time":"20/02 02:27:02","serial":"21e6dde771d2055b9113"},{"id":"5521966126422@s.whatsapp.net","name":"Kayky ","age":" 17","time":"20/02 02:51:02","serial":"9dba4e25b3a57b4911bc"},{"id":"5517982170123@s.whatsapp.net","name":"izah cavalcante","age":"15","time":"20/02 02:54:18","serial":"bca7594d0828c2ec5692"},{"id":"559293422095@s.whatsapp.net","name":"yuno","age":"14","time":"20/02 03:08:20","serial":"7dad0352db480d2fa06b"},{"id":"994409372267@s.whatsapp.net","name":"sasori","age":"16","time":"20/02 05:02:17","serial":"a50b36a17abe33c10d22"},{"id":"5515998591364@s.whatsapp.net","name":"fornaia","age":"15","time":"20/02 05:46:53","serial":"89adbf7a9c8bab86ea8c"},{"id":"5513981685606@s.whatsapp.net","name":"nome paulo dos santos neto","age":"14","time":"20/02 05:58:20","serial":"1e44f81153a4982b6da0"},{"id":"13019239728@s.whatsapp.net","name":"nome João Guilherm","age":"13","time":"20/02 06:15:04","serial":"24e59170beb8eb0ffc14"},{"id":"553173028280@s.whatsapp.net","name":"pablo","age":"15","time":"20/02 06:35:48","serial":"9e55d0a9e436ac95cb27"},{"id":"559293683477@s.whatsapp.net","name":"somi","age":"12","time":"20/02 06:51:23","serial":"0743ccd9ee10e6dbdd2a"},{"id":"556392648438@s.whatsapp.net","name":"Pool","age":"15","time":"20/02 06:58:30","serial":"ed7488b681ceb260f433"},{"id":"5511934986400@s.whatsapp.net","name":"OPai","age":"15","time":"20/02 07:11:39","serial":"9e50f468d0ec0087d403"},{"id":"559791523063@s.whatsapp.net","name":"nome","age":"13","time":"20/02 08:28:11","serial":"34be815f16d871f33781"},{"id":"557388524162@s.whatsapp.net","name":"murilo","age":"17","time":"20/02 19:00:06","serial":"f0d09c079e9a0141011d"},{"id":"555180458825@s.whatsapp.net","name":"Sid","age":"13","time":"20/02 19:08:21","serial":"54242ef433944a8f47ae"},{"id":"556293083980@s.whatsapp.net","name":"Rigo","age":"21","time":"20/02 19:50:51","serial":"b92e66ab49e3d1a10bad"},{"id":"556798335375@s.whatsapp.net","name":"tatsumi","age":"16","time":"20/02 20:10:15","serial":"5f133bb9ba23163036f5"},{"id":"553171019547@s.whatsapp.net","name":"Yago","age":"18","time":"20/02 20:31:18","serial":"ab4d3a98e4f5fc804898"},{"id":"557398718085@s.whatsapp.net","name":"Yago","age":"18","time":"20/02 20:31:35","serial":"f86dbf3b9a3ff4dfff5d"},{"id":"351964605238@s.whatsapp.net","name":"David","age":"18","time":"20/02 22:26:05","serial":"e1993aa9e9d6cc2bcb33"},{"id":"553399320532@s.whatsapp.net","name":"Rafaela","age":"18","time":"20/02 22:32:19","serial":"85a7c301e844de3efa5a"},{"id":"553197891652@s.whatsapp.net","name":"Craft ","age":" 16","time":"20/02 22:44:21","serial":"658cd36d97ddebd543e2"},{"id":"351967389241@s.whatsapp.net","name":"Vicente","age":"12","time":"20/02 22:56:45","serial":"33200674de823ba285cd"},{"id":"555193031333@s.whatsapp.net","name":"fernando","age":"20","time":"20/02 23:25:14","serial":"c6e217819f6e200f03fa"},{"id":"5524981758670@s.whatsapp.net","name":"Davi","age":"18","time":"21/02 00:30:47","serial":"5f931c07b33194042fc0"},{"id":"5511989230621@s.whatsapp.net","name":"Guilherme","age":"13","time":"21/02 02:39:29","serial":"06be1ab7cb2be51f739a"},{"id":"557388926035@s.whatsapp.net","name":"lindomar ","age":"17","time":"21/02 03:36:36","serial":"726d3c52e9ba0f452372"},{"id":"553186166404@s.whatsapp.net","name":"scather","age":"14","time":"21/02 03:37:17","serial":"55fd82c7268050d9d897"},{"id":"5513992047945@s.whatsapp.net","name":"Murilin","age":"21","time":"21/02 03:37:41","serial":"be2877137ebfbfa96453"},{"id":"556592434596@s.whatsapp.net","name":"Vitor","age":"18","time":"21/02 04:15:37","serial":"5dc2b60a69ba6d3ba265"},{"id":"554291440723@s.whatsapp.net","name":"luiz gustavo","age":"15","time":"21/02 05:09:21","serial":"9a5e04e8143efda56465"},{"id":"554999246886@s.whatsapp.net","name":"FranXX","age":"15","time":"21/02 05:38:07","serial":"cb6e8c2592b73d24490d"},{"id":"13344904520@s.whatsapp.net","name":"SUKUNA","age":"17","time":"21/02 06:07:29","serial":"7ca19ad5a67c893aabb0"},{"id":"559981156020@s.whatsapp.net","name":"jhon kairo","age":" 15","time":"21/02 07:34:33","serial":"a45216dae538b5a99061"},{"id":"14134366273@s.whatsapp.net","name":"VASTO_LORDE","age":"18","time":"21/02 07:52:44","serial":"d1c94a37b4ba8d2c7bc9"},{"id":"5511995879886@s.whatsapp.net","name":"Otávio","age":"20","time":"21/02 08:40:59","serial":"5753209d4ca7bcd53ca1"},{"id":"555596090152@s.whatsapp.net","name":"reinan","age":"13","time":"21/02 21:50:41","serial":"6460d5bb1144867da1a2"},{"id":"557399111370@s.whatsapp.net","name":"Dexter","age":"15","time":"21/02 22:42:13","serial":"d27796e1c1d0713711a7"},{"id":"557599207845@s.whatsapp.net","name":"nome","age":"13","time":"21/02 22:50:25","serial":"3fd1a503f72e83cdef1e"},{"id":"5516988268276@s.whatsapp.net","name":"Luffy","age":"16","time":"22/02 02:20:57","serial":"32eac6d7762bc39bb2d1"},{"id":"5511977730980@s.whatsapp.net","name":"GABRIEL","age":"12","time":"22/02 02:21:41","serial":"7fa6bca3cff1cbd19ba7"},{"id":"5511977170442@s.whatsapp.net","name":"Vitor","age":"13","time":"22/02 02:26:55","serial":"716bc4e2afe88f58245c"},{"id":"17192843660@s.whatsapp.net","name":"fefe","age":"16","time":"22/02 02:57:35","serial":"37571b1bf2db0c11a750"},{"id":"994409291549@s.whatsapp.net","name":"thaina","age":"13","time":"22/02 03:26:41","serial":"f77d067cfb660abc3006"},{"id":"554192451391@s.whatsapp.net","name":"oreki","age":"15","time":"22/02 03:26:54","serial":"3ef3c3db4903a1bd46a0"},{"id":"558181826477@s.whatsapp.net","name":"Douglas","age":"15","time":"22/02 03:27:00","serial":"cb6e40135c263b2e3ce9"},{"id":"556195103439@s.whatsapp.net","name":"≧_Aeesth_≦","age":"14","time":"22/02 03:56:11","serial":"fabbd51f4de4ca698995"},{"id":"13606488942@s.whatsapp.net","name":"BilleJean","age":"19","time":"22/02 03:58:41","serial":"f9b3db2975285575e113"},{"id":"555194605069@s.whatsapp.net","name":"Yoshiro","age":"15","time":"22/02 04:07:47","serial":"07c3498ab0a0c731528f"},{"id":"553184853420@s.whatsapp.net","name":"Jocasta","age":"19","time":"22/02 04:48:12","serial":"1f6246434e13fc7d092b"},{"id":"559988566908@s.whatsapp.net","name":"Ana","age":"12","time":"22/02 04:52:33","serial":"89b32f0353b1db82c829"},{"id":"15136478789@s.whatsapp.net","name":"Deus Onipotente","age":"15","time":"22/02 08:24:28","serial":"389072fd44694710cd12"},{"id":"5516993090775@s.whatsapp.net","name":"Say","age":" 12","time":"22/02 08:25:41","serial":"ede6c8b355863564b1d0"},{"id":"553182346788@s.whatsapp.net","name":"god","age":"15","time":"22/02 08:28:29","serial":"65a1e40130de5927399b"},{"id":"554792055828@s.whatsapp.net","name":"rukasu","age":"13","time":"22/02 08:42:44","serial":"e141837916c66a5afc30"},{"id":"5511985132792@s.whatsapp.net","name":"Rafael","age":"14","time":"22/02 09:02:58","serial":"436f77e50d2022c4d338"},{"id":"557398090183@s.whatsapp.net","name":"wesley","age":"15","time":"22/02 09:30:28","serial":"f70a591736965a8252ad"},{"id":"553388978020@s.whatsapp.net","name":"hinata","age":"15","time":"22/02 21:20:17","serial":"50cf2cb9eb96100302cb"},{"id":"557388717109@s.whatsapp.net","name":"kelvin","age":"15","time":"22/02 22:10:45","serial":"0bea353094b21dd209d8"},{"id":"558688259735@s.whatsapp.net","name":"maxweel","age":"12","time":"22/02 22:29:27","serial":"e03b8b7b20a7244f341f"},{"id":"553398251756@s.whatsapp.net","name":"kazumi","age":" 14","time":"22/02 22:51:07","serial":"cb7c077119ae6a073745"},{"id":"559391510299@s.whatsapp.net","name":"sasha","age":"14","time":"22/02 22:59:01","serial":"d3aafe21c1b79cf574fc"},{"id":"557381707651@s.whatsapp.net","name":"loli","age":"14","time":"22/02 23:03:47","serial":"79b19e367c694115e8fd"},{"id":"554799348500@s.whatsapp.net","name":"atentada","age":"17","time":"22/02 23:14:41","serial":"3443092d3076014e722e"},{"id":"558893282787@s.whatsapp.net","name":"Jonatas","age":"15","time":"23/02 01:42:46","serial":"776bdf1cf1153166046f"},{"id":"553197583720@s.whatsapp.net","name":"Matheus","age":"14","time":"23/02 03:55:12","serial":"acfc42c38fe6215bc340"},{"id":"5521980713263@s.whatsapp.net","name":"nunes","age":"14","time":"23/02 03:56:57","serial":"e679ec55e53c4e3e5484"},{"id":"556185116646@s.whatsapp.net","name":"Eduardo","age":"15","time":"23/02 09:10:06","serial":"5a4744932aae5f4ab30e"},{"id":"556292435095@s.whatsapp.net","name":"Niel","age":"17","time":"23/02 09:10:22","serial":"f21f4f71e96058f06a82"},{"id":"553898188346@s.whatsapp.net","name":"Akashi","age":"17","time":"23/02 09:10:35","serial":"83f2cfbe6ea7f0d1e83c"},{"id":"553193824046@s.whatsapp.net","name":"pedro","age":"12","time":"23/02 09:31:44","serial":"a7a8e8e98e43f35e7cf8"},{"id":"5511952352190@s.whatsapp.net","name":"Luana","age":"16","time":"23/02 17:59:58","serial":"1507139ba5b9b6a32434"},{"id":"558293508844@s.whatsapp.net","name":"Sr.Dragheart","age":"19","time":"23/02 18:01:42","serial":"fc407bbb2dedc14c9f70"},{"id":"5511959226785@s.whatsapp.net","name":"lili","age":"20","time":"23/02 18:02:44","serial":"c02cd7213e0becabc1dc"},{"id":"5513991980141@s.whatsapp.net","name":"gustavo","age":"15","time":"24/02 01:02:23","serial":"d6cd107d00dcf5e89120"},{"id":"557388373249@s.whatsapp.net","name":"lonely","age":"14","time":"24/02 19:16:22","serial":"79962d64c5e5a2ddabbf"},{"id":"553197905242@s.whatsapp.net","name":"João","age":"14","time":"24/02 19:47:38","serial":"f64d0cbd4121a47d2e9a"},{"id":"15303498430@s.whatsapp.net","name":"João Guilherme","age":"13","time":"24/02 20:34:26","serial":"5bcc6dac9a3fdffcf909"},{"id":"5524999797352@s.whatsapp.net","name":"@Supera@","age":"18","time":"24/02 20:43:40","serial":"3e32331919ccdb3296fb"},{"id":"557998920334@s.whatsapp.net","name":"Anthony","age":"14","time":"24/02 20:52:03","serial":"433d94bea308fad23d00"},{"id":"5514981134285@s.whatsapp.net","name":"minatinho","age":"12","time":"24/02 23:00:05","serial":"2e2c688bb9fa40b9bd44"},{"id":"557399842154@s.whatsapp.net","name":"иι⃟¢σℓαѕ蒙тнιє⃟gσ","age":"12","time":"24/02 23:38:39","serial":"cace31b12720ce147069"},{"id":"5516993152234@s.whatsapp.net","name":"Kevin","age":"15","time":"25/02 00:04:06","serial":"b518b72d98541fc9f170"},{"id":"5522988598294@s.whatsapp.net","name":"🌹Rex🌹","age":"15","time":"25/02 02:40:40","serial":"f8f52742ebd302a83b65"},{"id":"553798457866@s.whatsapp.net","name":"⃟❍⃕⃟ʟᴇᴍᴏɴᴄᴇs ⃟ᵃᵗᵖ🤡🇫🇷ᡃ⃢⃠⃠","age":"20","time":"25/02 04:21:44","serial":"2f76b7cdc4032d0ab08b"},{"id":"5511970515139@s.whatsapp.net","name":"bruno","age":"12","time":"25/02 05:05:04","serial":"8873812920544538b368"},{"id":"16162012859@s.whatsapp.net","name":"Law sylar","age":"15","time":"25/02 05:24:17","serial":"275e342a3f93c96f1939"},{"id":"5511961683462@s.whatsapp.net","name":"gelliz","age":"13","time":"25/02 05:28:54","serial":"a4d098f8c2a70d75f2bb"},{"id":"556291589591@s.whatsapp.net","name":"Rennan","age":"15","time":"25/02 07:48:01","serial":"401c24a7fb6c0c7eed01"},{"id":"558597182455@s.whatsapp.net","name":"DRAKO","age":"12","time":"25/02 23:59:28","serial":"735426d929a49b7a51c4"},{"id":"557588066539@s.whatsapp.net","name":"Detachy","age":"14","time":"26/02 00:01:14","serial":"08aeed4b54b6f1c09101"},{"id":"556191039093@s.whatsapp.net","name":"shawan","age":"19","time":"26/02 00:04:25","serial":"57cf4fb588a224bbe6dd"},{"id":"558681801388@s.whatsapp.net","name":"W.Jhoy","age":"18","time":"26/02 00:16:16","serial":"af576b5351efe5e3b0d2"},{"id":"5513981569005@s.whatsapp.net","name":"Dessa","age":"15","time":"26/02 00:48:45","serial":"b998d323cf615330fcd3"},{"id":"558892436707@s.whatsapp.net","name":"Manel","age":"18","time":"26/02 00:54:26","serial":"267c1ad5ba99ce0b861e"}]