[{"id":"557781553456@s.whatsapp.net","xp":959932,"level":8},{"id":"5516988268276@s.whatsapp.net","xp":790521,"level":8},{"id":"557398090183@s.whatsapp.net","xp":715598,"level":8},{"id":"557388717109@s.whatsapp.net","xp":691205,"level":8},{"id":"12048174591@s.whatsapp.net","xp":652212,"level":8},{"id":"555194605069@s.whatsapp.net","xp":633364,"level":7},{"id":"5522988420094@s.whatsapp.net","xp":600565,"level":7},{"id":"555193689548@s.whatsapp.net","xp":482368,"level":7},{"id":"555584563483@s.whatsapp.net","xp":444671,"level":7},{"id":"5521992561704@s.whatsapp.net","xp":437388,"level":7},{"id":"557599207845@s.whatsapp.net","xp":434098,"level":7},{"id":"5515998591364@s.whatsapp.net","xp":398081,"level":7},{"id":"556296831370@s.whatsapp.net","xp":329394,"level":7},{"id":"5521966126422@s.whatsapp.net","xp":293387,"level":6},{"id":"5519999399085@s.whatsapp.net","xp":292442,"level":6},{"id":"559293683477@s.whatsapp.net","xp":290569,"level":6},{"id":"554196704288@s.whatsapp.net","xp":263949,"level":6},{"id":"5521982823680@s.whatsapp.net","xp":192616,"level":6},{"id":"553898188346@s.whatsapp.net","xp":189586,"level":6},{"id":"557388524162@s.whatsapp.net","xp":184038,"level":6},{"id":"5519991023400@s.whatsapp.net","xp":163205,"level":6},{"id":"5514981134285@s.whatsapp.net","xp":162321,"level":6},{"id":"556185116646@s.whatsapp.net","xp":143387,"level":5},{"id":"553171165193@s.whatsapp.net","xp":140571,"level":5},{"id":"559481556606@s.whatsapp.net","xp":146622,"level":5},{"id":"5521980713263@s.whatsapp.net","xp":121725,"level":5},{"id":"5513992047945@s.whatsapp.net","xp":121367,"level":5},{"id":"558894500414@s.whatsapp.net","xp":138534,"level":5},{"id":"558897989616@s.whatsapp.net","xp":105060,"level":5},{"id":"559294084789@s.whatsapp.net","xp":103519,"level":5},{"id":"556181702853@s.whatsapp.net","xp":98951,"level":5},{"id":"5513981685606@s.whatsapp.net","xp":98484,"level":5},{"id":"5522992283831@s.whatsapp.net","xp":97613,"level":5},{"id":"553197583720@s.whatsapp.net","xp":90270,"level":5},{"id":"19546945807@s.whatsapp.net","xp":83979,"level":5},{"id":"5511959765590@s.whatsapp.net","xp":80335,"level":5},{"id":"558181826477@s.whatsapp.net","xp":78245,"level":5},{"id":"558893823551@s.whatsapp.net","xp":77928,"level":5},{"id":"559981156020@s.whatsapp.net","xp":77904,"level":5},{"id":"553197891652@s.whatsapp.net","xp":73050,"level":4},{"id":"5519996499361@s.whatsapp.net","xp":69925,"level":4},{"id":"5511971138948@s.whatsapp.net","xp":67084,"level":4},{"id":"558681567108@s.whatsapp.net","xp":63376,"level":4},{"id":"554396038514@s.whatsapp.net","xp":60659,"level":4},{"id":"557388373249@s.whatsapp.net","xp":61206,"level":4},{"id":"18655074834@s.whatsapp.net","xp":58400,"level":4},{"id":"554999246886@s.whatsapp.net","xp":54243,"level":4},{"id":"557998920334@s.whatsapp.net","xp":48629,"level":4},{"id":"555491191331@s.whatsapp.net","xp":46749,"level":4},{"id":"5521987265147@s.whatsapp.net","xp":49208,"level":4},{"id":"5511945189769@s.whatsapp.net","xp":43111,"level":4},{"id":"559193228653@s.whatsapp.net","xp":42635,"level":4},{"id":"556584292024@s.whatsapp.net","xp":36562,"level":4},{"id":"553398251756@s.whatsapp.net","xp":35689,"level":4},{"id":"5511959238669@s.whatsapp.net","xp":34680,"level":3},{"id":"558881274876@s.whatsapp.net","xp":34778,"level":3},{"id":"5522988188894@s.whatsapp.net","xp":33046,"level":3},{"id":"558695915019@s.whatsapp.net","xp":31949,"level":3},{"id":"553182346788@s.whatsapp.net","xp":31171,"level":3},{"id":"553193824046@s.whatsapp.net","xp":31148,"level":3},{"id":"5511989230621@s.whatsapp.net","xp":29830,"level":3},{"id":"5524999797352@s.whatsapp.net","xp":29503,"level":3},{"id":"558899927413@s.whatsapp.net","xp":28068,"level":3},{"id":"555191830336@s.whatsapp.net","xp":28065,"level":3},{"id":"557388926035@s.whatsapp.net","xp":24091,"level":3},{"id":"13344904520@s.whatsapp.net","xp":27847,"level":3},{"id":"554192451391@s.whatsapp.net","xp":23102,"level":3},{"id":"5511970515139@s.whatsapp.net","xp":28459,"level":3},{"id":"554195642982@s.whatsapp.net","xp":21524,"level":3},{"id":"554291440723@s.whatsapp.net","xp":21289,"level":3},{"id":"5511977730980@s.whatsapp.net","xp":21005,"level":3},{"id":"556993180478@s.whatsapp.net","xp":19021,"level":3},{"id":"553197905242@s.whatsapp.net","xp":19236,"level":3},{"id":"556798335375@s.whatsapp.net","xp":18452,"level":3},{"id":"557996019550@s.whatsapp.net","xp":17694,"level":3},{"id":"555596090152@s.whatsapp.net","xp":17243,"level":3},{"id":"557781197938@s.whatsapp.net","xp":48641,"level":4},{"id":"15136478789@s.whatsapp.net","xp":14547,"level":2},{"id":"559293422095@s.whatsapp.net","xp":14478,"level":2},{"id":"5511967403202@s.whatsapp.net","xp":14149,"level":2},{"id":"5511934986400@s.whatsapp.net","xp":14134,"level":2},{"id":"556292435095@s.whatsapp.net","xp":13943,"level":2},{"id":"554792055828@s.whatsapp.net","xp":13380,"level":2},{"id":"5511977170442@s.whatsapp.net","xp":13153,"level":2},{"id":"558193913803@s.whatsapp.net","xp":12813,"level":2},{"id":"558387950949@s.whatsapp.net","xp":12050,"level":2},{"id":"554998335972@s.whatsapp.net","xp":11492,"level":2},{"id":"5511961976842@s.whatsapp.net","xp":11487,"level":2},{"id":"558688549681@s.whatsapp.net","xp":11271,"level":2},{"id":"5524992988183@s.whatsapp.net","xp":11051,"level":2},{"id":"557182039180@s.whatsapp.net","xp":10946,"level":2},{"id":"557381707651@s.whatsapp.net","xp":16681,"level":3},{"id":"558494763781@s.whatsapp.net","xp":10827,"level":2},{"id":"556293083980@s.whatsapp.net","xp":10598,"level":2},{"id":"5511959226785@s.whatsapp.net","xp":10168,"level":2},{"id":"559391292602@s.whatsapp.net","xp":8623,"level":2},{"id":"557399842154@s.whatsapp.net","xp":10278,"level":2},{"id":"558893282787@s.whatsapp.net","xp":7731,"level":2},{"id":"553173028280@s.whatsapp.net","xp":7300,"level":2},{"id":"555193031333@s.whatsapp.net","xp":6532,"level":2},{"id":"554899030054@s.whatsapp.net","xp":6407,"level":2},{"id":"553186166404@s.whatsapp.net","xp":6079,"level":2},{"id":"5511995879886@s.whatsapp.net","xp":5969,"level":2},{"id":"5516993090775@s.whatsapp.net","xp":5970,"level":2},{"id":"559391510299@s.whatsapp.net","xp":5854,"level":2},{"id":"559492299691@s.whatsapp.net","xp":5530,"level":2},{"id":"18313871670@s.whatsapp.net","xp":5413,"level":2},{"id":"14134366273@s.whatsapp.net","xp":4863,"level":1},{"id":"5516993152234@s.whatsapp.net","xp":4525,"level":1},{"id":"556592434596@s.whatsapp.net","xp":3757,"level":1},{"id":"5519999924745@s.whatsapp.net","xp":3311,"level":1},{"id":"5511985132792@s.whatsapp.net","xp":2986,"level":1},{"id":"555180458825@s.whatsapp.net","xp":2986,"level":1},{"id":"13019239728@s.whatsapp.net","xp":2877,"level":1},{"id":"16162012859@s.whatsapp.net","xp":2432,"level":1},{"id":"558798080111@s.whatsapp.net","xp":2429,"level":1},{"id":"5511960695153@s.whatsapp.net","xp":2322,"level":1},{"id":"994409372267@s.whatsapp.net","xp":2211,"level":1},{"id":"5522988598294@s.whatsapp.net","xp":2320,"level":1},{"id":"556291589591@s.whatsapp.net","xp":2206,"level":1},{"id":"5511961683462@s.whatsapp.net","xp":2431,"level":1},{"id":"13606488942@s.whatsapp.net","xp":3427,"level":1},{"id":"15303498430@s.whatsapp.net","xp":1550,"level":1},{"id":"559884296694@s.whatsapp.net","xp":1547,"level":1},{"id":"994409291549@s.whatsapp.net","xp":1327,"level":1},{"id":"556195103439@s.whatsapp.net","xp":1214,"level":1},{"id":"5511957361769@s.whatsapp.net","xp":1107,"level":1},{"id":"5511944839860@s.whatsapp.net","xp":997,"level":1},{"id":"558293508844@s.whatsapp.net","xp":997,"level":1},{"id":"351967389241@s.whatsapp.net","xp":997,"level":1},{"id":"558585451590@s.whatsapp.net","xp":994,"level":1},{"id":"5511952352190@s.whatsapp.net","xp":886,"level":1},{"id":"559885101540@s.whatsapp.net","xp":885,"level":1},{"id":"5511958498854@s.whatsapp.net","xp":776,"level":1},{"id":"5511958792276@s.whatsapp.net","xp":775,"level":1},{"id":"13656524571@s.whatsapp.net","xp":773,"level":1},{"id":"17192843660@s.whatsapp.net","xp":554,"level":1},{"id":"553399320532@s.whatsapp.net","xp":554,"level":1},{"id":"557398718085@s.whatsapp.net","xp":553,"level":1},{"id":"554799348500@s.whatsapp.net","xp":552,"level":1},{"id":"553798457866@s.whatsapp.net","xp":445,"level":1},{"id":"558688259735@s.whatsapp.net","xp":444,"level":1},{"id":"559988566908@s.whatsapp.net","xp":443,"level":1},{"id":"5524981758670@s.whatsapp.net","xp":333,"level":1},{"id":"5513991980141@s.whatsapp.net","xp":332,"level":1},{"id":"557399111370@s.whatsapp.net","xp":331,"level":1},{"id":"5517982170123@s.whatsapp.net","xp":223,"level":1},{"id":"556392648438@s.whatsapp.net","xp":222,"level":1},{"id":"557581737811@s.whatsapp.net","xp":222,"level":1},{"id":"553184853420@s.whatsapp.net","xp":111,"level":1},{"id":"553388978020@s.whatsapp.net","xp":1,"level":1},{"id":"351964605238@s.whatsapp.net","xp":1,"level":1},{"id":"553171019547@s.whatsapp.net","xp":1,"level":1},{"id":"559791523063@s.whatsapp.net","xp":1,"level":1},{"id":"558597182455@s.whatsapp.net","xp":21111,"level":3},{"id":"557588066539@s.whatsapp.net","xp":18567,"level":3},{"id":"556191039093@s.whatsapp.net","xp":1218,"level":1},{"id":"558681801388@s.whatsapp.net","xp":16360,"level":3},{"id":"5513981569005@s.whatsapp.net","xp":1,"level":1},{"id":"558892436707@s.whatsapp.net","xp":1,"level":1}]