[{"id":"556296831370@s.whatsapp.net","uang":58560},{"id":"557781553456@s.whatsapp.net","uang":51618},{"id":"5522988420094@s.whatsapp.net","uang":42774},{"id":"13344904520@s.whatsapp.net","uang":42165},{"id":"558893823551@s.whatsapp.net","uang":35044},{"id":"5521982823680@s.whatsapp.net","uang":32680},{"id":"5522992283831@s.whatsapp.net","uang":31481},{"id":"558894500414@s.whatsapp.net","uang":30427},{"id":"559481556606@s.whatsapp.net","uang":31588},{"id":"555193689548@s.whatsapp.net","uang":21538},{"id":"5519999399085@s.whatsapp.net","uang":14726},{"id":"554196704288@s.whatsapp.net","uang":14304},{"id":"553197891652@s.whatsapp.net","uang":12820},{"id":"5521987265147@s.whatsapp.net","uang":13145},{"id":"553197583720@s.whatsapp.net","uang":13018},{"id":"5511959765590@s.whatsapp.net","uang":11879},{"id":"5521992561704@s.whatsapp.net","uang":11336},{"id":"5511945189769@s.whatsapp.net","uang":10849},{"id":"18655074834@s.whatsapp.net","uang":10120},{"id":"556584292024@s.whatsapp.net","uang":10103},{"id":"555491191331@s.whatsapp.net","uang":8905},{"id":"558681567108@s.whatsapp.net","uang":9200},{"id":"15136478789@s.whatsapp.net","uang":8350},{"id":"556293083980@s.whatsapp.net","uang":8255},{"id":"559193228653@s.whatsapp.net","uang":7800},{"id":"555191830336@s.whatsapp.net","uang":7400},{"id":"553182346788@s.whatsapp.net","uang":6988},{"id":"559981156020@s.whatsapp.net","uang":5397},{"id":"556993180478@s.whatsapp.net","uang":6679},{"id":"553398251756@s.whatsapp.net","uang":6480},{"id":"558494763781@s.whatsapp.net","uang":6082},{"id":"5519991023400@s.whatsapp.net","uang":5940},{"id":"553193824046@s.whatsapp.net","uang":5680},{"id":"557182039180@s.whatsapp.net","uang":5570},{"id":"557998920334@s.whatsapp.net","uang":5780},{"id":"555596090152@s.whatsapp.net","uang":5577},{"id":"5524999797352@s.whatsapp.net","uang":5340},{"id":"557599207845@s.whatsapp.net","uang":5170},{"id":"5513992047945@s.whatsapp.net","uang":2640},{"id":"558899927413@s.whatsapp.net","uang":5100},{"id":"5511959238669@s.whatsapp.net","uang":4980},{"id":"557388717109@s.whatsapp.net","uang":1402},{"id":"553197905242@s.whatsapp.net","uang":4200},{"id":"554192451391@s.whatsapp.net","uang":4180},{"id":"558695915019@s.whatsapp.net","uang":4060},{"id":"555584563483@s.whatsapp.net","uang":3989},{"id":"557996019550@s.whatsapp.net","uang":3816},{"id":"5511977730980@s.whatsapp.net","uang":3800},{"id":"5521966126422@s.whatsapp.net","uang":3757},{"id":"554195642982@s.whatsapp.net","uang":3653},{"id":"5511971138948@s.whatsapp.net","uang":3420},{"id":"557388373249@s.whatsapp.net","uang":592},{"id":"5516988268276@s.whatsapp.net","uang":1774},{"id":"556798335375@s.whatsapp.net","uang":2830},{"id":"5511934986400@s.whatsapp.net","uang":2560},{"id":"5511967403202@s.whatsapp.net","uang":2560},{"id":"559391292602@s.whatsapp.net","uang":2520},{"id":"554792055828@s.whatsapp.net","uang":2420},{"id":"555194605069@s.whatsapp.net","uang":3480},{"id":"559492299691@s.whatsapp.net","uang":2255},{"id":"5524992988183@s.whatsapp.net","uang":2220},{"id":"558387950949@s.whatsapp.net","uang":2180},{"id":"558193913803@s.whatsapp.net","uang":2100},{"id":"554998335972@s.whatsapp.net","uang":2080},{"id":"558688549681@s.whatsapp.net","uang":2060},{"id":"556181702853@s.whatsapp.net","uang":2075},{"id":"557381707651@s.whatsapp.net","uang":3020},{"id":"554291440723@s.whatsapp.net","uang":1960},{"id":"557781197938@s.whatsapp.net","uang":5020},{"id":"5514981134285@s.whatsapp.net","uang":320},{"id":"557388926035@s.whatsapp.net","uang":1726},{"id":"5511959226785@s.whatsapp.net","uang":1820},{"id":"12048174591@s.whatsapp.net","uang":1630},{"id":"5521980713263@s.whatsapp.net","uang":1580},{"id":"5511961976842@s.whatsapp.net","uang":1570},{"id":"554396038514@s.whatsapp.net","uang":1500},{"id":"5511977170442@s.whatsapp.net","uang":1480},{"id":"557399842154@s.whatsapp.net","uang":1880},{"id":"558893282787@s.whatsapp.net","uang":1440},{"id":"553173028280@s.whatsapp.net","uang":1320},{"id":"19546945807@s.whatsapp.net","uang":1298},{"id":"558881274876@s.whatsapp.net","uang":733},{"id":"555193031333@s.whatsapp.net","uang":1180},{"id":"559884296694@s.whatsapp.net","uang":1114},{"id":"5511995879886@s.whatsapp.net","uang":1100},{"id":"553186166404@s.whatsapp.net","uang":1100},{"id":"5511970515139@s.whatsapp.net","uang":1360},{"id":"554999246886@s.whatsapp.net","uang":1080},{"id":"5516993090775@s.whatsapp.net","uang":1080},{"id":"556185116646@s.whatsapp.net","uang":1060},{"id":"559391510299@s.whatsapp.net","uang":1060},{"id":"18313871670@s.whatsapp.net","uang":980},{"id":"557388524162@s.whatsapp.net","uang":954},{"id":"558181826477@s.whatsapp.net","uang":950},{"id":"554899030054@s.whatsapp.net","uang":920},{"id":"553898188346@s.whatsapp.net","uang":900},{"id":"5519999924745@s.whatsapp.net","uang":840},{"id":"559293422095@s.whatsapp.net","uang":820},{"id":"5516993152234@s.whatsapp.net","uang":820},{"id":"553171165193@s.whatsapp.net","uang":1013},{"id":"5511960695153@s.whatsapp.net","uang":760},{"id":"5513981685606@s.whatsapp.net","uang":734},{"id":"5515998591364@s.whatsapp.net","uang":790},{"id":"559294084789@s.whatsapp.net","uang":700},{"id":"556592434596@s.whatsapp.net","uang":680},{"id":"5522988188894@s.whatsapp.net","uang":580},{"id":"558798080111@s.whatsapp.net","uang":560},{"id":"5511985132792@s.whatsapp.net","uang":540},{"id":"555180458825@s.whatsapp.net","uang":540},{"id":"13019239728@s.whatsapp.net","uang":520},{"id":"5519996499361@s.whatsapp.net","uang":500},{"id":"557398090183@s.whatsapp.net","uang":858},{"id":"16162012859@s.whatsapp.net","uang":440},{"id":"5511989230621@s.whatsapp.net","uang":400},{"id":"994409372267@s.whatsapp.net","uang":400},{"id":"556291589591@s.whatsapp.net","uang":400},{"id":"5522988598294@s.whatsapp.net","uang":420},{"id":"5511961683462@s.whatsapp.net","uang":440},{"id":"13606488942@s.whatsapp.net","uang":620},{"id":"15303498430@s.whatsapp.net","uang":280},{"id":"994409291549@s.whatsapp.net","uang":240},{"id":"558585451590@s.whatsapp.net","uang":240},{"id":"5511957361769@s.whatsapp.net","uang":220},{"id":"558293508844@s.whatsapp.net","uang":220},{"id":"556195103439@s.whatsapp.net","uang":220},{"id":"558897989616@s.whatsapp.net","uang":200},{"id":"5511944839860@s.whatsapp.net","uang":180},{"id":"351967389241@s.whatsapp.net","uang":180},{"id":"13656524571@s.whatsapp.net","uang":180},{"id":"559293683477@s.whatsapp.net","uang":240},{"id":"5511952352190@s.whatsapp.net","uang":160},{"id":"559885101540@s.whatsapp.net","uang":160},{"id":"5511958498854@s.whatsapp.net","uang":140},{"id":"5511958792276@s.whatsapp.net","uang":140},{"id":"556292435095@s.whatsapp.net","uang":120},{"id":"557398718085@s.whatsapp.net","uang":100},{"id":"554799348500@s.whatsapp.net","uang":100},{"id":"17192843660@s.whatsapp.net","uang":100},{"id":"553399320532@s.whatsapp.net","uang":100},{"id":"553798457866@s.whatsapp.net","uang":80},{"id":"558688259735@s.whatsapp.net","uang":80},{"id":"559988566908@s.whatsapp.net","uang":80},{"id":"5524981758670@s.whatsapp.net","uang":80},{"id":"559791523063@s.whatsapp.net","uang":80},{"id":"557399111370@s.whatsapp.net","uang":60},{"id":"5513991980141@s.whatsapp.net","uang":60},{"id":"14134366273@s.whatsapp.net","uang":50},{"id":"556392648438@s.whatsapp.net","uang":40},{"id":"557581737811@s.whatsapp.net","uang":40},{"id":"5517982170123@s.whatsapp.net","uang":40},{"id":"553184853420@s.whatsapp.net","uang":20},{"id":"553388978020@s.whatsapp.net","uang":0},{"id":"351964605238@s.whatsapp.net","uang":0},{"id":"553171019547@s.whatsapp.net","uang":0},{"id":"558597182455@s.whatsapp.net","uang":2940},{"id":"557588066539@s.whatsapp.net","uang":1780},{"id":"556191039093@s.whatsapp.net","uang":260},{"id":"558681801388@s.whatsapp.net","uang":3100},{"id":"5513981569005@s.whatsapp.net","uang":100},{"id":"558892436707@s.whatsapp.net","uang":20}]